{
  "name": "Storm Color Theme",
    "$schema": "vscode://schemas/color-theme",
    "type": "dark",
    "colors": {
      "activityBar.background": "#1B1B1E",
      "activityBar.border": "#1B1B1E60",
      "activityBar.foreground": "#51515A",
      "activityBarBadge.background": "#58A4B0",
      "activityBarBadge.foreground": "#1B1B1E",
      "badge.background": "#1B1B1E30",
      "badge.foreground": "#373F51",
      "breadcrumb.activeSelectionForeground": "#373F51",
      "breadcrumb.background": "#1B1B1E",
      "breadcrumb.focusForeground": "#51515A",
      "breadcrumb.foreground": "#5B6986",
      "breadcrumbPicker.background": "#1B1B1E",
      "button.background": "#373F5150",
      "contrastBorder": "#373F5140",
      "debugToolBar.background": "#1B1B1E",
      "diffEditor.insertedTextBackground": "#7B7C8015",
      "diffEditor.removedTextBackground": "#A9BCD020",
      "dropdown.background": "#1B1B1E",
      "dropdown.border": "#9191A110",
      "editor.background": "#1B1B1E",
      "editor.findMatchBackground": "#1B1B1E",
      "editor.findMatchBorder": "#373F51",
      "editor.findMatchHighlightBackground": "#373F5193",
      "editor.findMatchHighlightBorder": "#9191A130",
      "editor.foreground": "#51515A",
      "editor.lineHighlightBackground": "#1B1B1E50",
      "editor.selectionBackground": "#58A4B030",
      "editor.selectionHighlightBackground": "#373F516b",
      "editor.selectionHighlightBorder": "#58A4B0f0",
      "editorBracketMatch.background": "#1B1B1E",
      "editorBracketMatch.border": "#D8DBE27f",
      "editorCursor.foreground": "#D8DBE2",
      "editorError.foreground": "#A9BCD070",
      "editorGroup.border": "#1B1B1E30",
      "editorGroupHeader.tabsBackground": "#1B1B1E",
      "editorGutter.addedBackground": "#7B7C8060",
      "editorGutter.deletedBackground": "#A9BCD060",
      "editorGutter.modifiedBackground": "#58A4B060",
      "editorHoverWidget.background": "#1B1B1E",
      "editorHoverWidget.border": "#9191A110",
      "editorIndentGuide.activeBackground": "#44444B",
      "editorIndentGuide.background": "#44444B70",
      "editorInfo.foreground": "#58A4B070",
      "editorLineNumber.activeForeground": "#58A4B0",
      "editorLineNumber.foreground": "#373F51c0",
      "editorLink.activeForeground": "#51515A",
      "editorMarkerNavigation.background": "#51515A05",
      "editorOverviewRuler.border": "#1B1B1E",
      "editorOverviewRuler.errorForeground": "#A9BCD040",
      "editorOverviewRuler.findMatchForeground": "#373F51",
      "editorOverviewRuler.infoForeground": "#58A4B040",
      "editorOverviewRuler.warningForeground": "#D8DBE270",
      "editorRuler.foreground": "#44444B",
      "editorSuggestWidget.background": "#1B1B1E",
      "editorSuggestWidget.border": "#9191A110",
      "editorSuggestWidget.foreground": "#51515A",
      "editorSuggestWidget.highlightForeground": "#D8DBE2",
      "editorSuggestWidget.selectedBackground": "#373F5120",
      "editorWarning.foreground": "#7B7C80",
      "editorWhitespace.foreground": "#51515A40",
      "editorWidget.background": "#1B1B1E",
      "editorWidget.border": "#D8DBE2",
      "editorWidget.resizeBorder": "#373F51",
      "extensionButton.prominentBackground": "#7B7C8090",
      "extensionButton.prominentHoverBackground": "#A9BCD0",
      "focusBorder": "#9191A100",
      "gitDecoration.conflictingResourceForeground": "#D8DBE2",
      "gitDecoration.deletedResourceForeground": "#A9BCD0",
      "gitDecoration.ignoredResourceForeground": "#373F51",
      "gitDecoration.modifiedResourceForeground": "#5B6986",
      "gitDecoration.untrackedResourceForeground": "#58A4B0",
      "input.background": "#2F2F34",
      "input.border": "#9191A110",
      "input.foreground": "#51515A",
      "input.placeholderForeground": "#51515A60",
      "inputOption.activeBackground": "#51515A30",
      "inputOption.activeBorder": "#51515A30",
      "inputValidation.errorBorder": "#A9BCD050",
      "inputValidation.infoBorder": "#58A4B050",
      "inputValidation.warningBorder": "#D8DBE250",
      "list.activeSelectionBackground": "#1B1B1E",
      "list.activeSelectionForeground": "#373F51",
      "list.focusBackground": "#2F2F34",
      "list.focusForeground": "#58A4B0",
      "list.highlightForeground": "#373F51",
      "list.hoverBackground": "#44444B",
      "list.hoverForeground": "#9191A1",
      "list.inactiveSelectionBackground": "#1B1B1E30",
      "list.inactiveSelectionForeground": "#373F51",
      "list.warningForeground": "#D8DBE2",
      "listFilterWidget.background": "#1B1B1E30",
      "listFilterWidget.noMatchesOutline": "#1B1B1E30",
      "listFilterWidget.outline": "#1B1B1E30",
      "menu.background": "#1B1B1Ef8",
      "menu.border": "#373F5150",
      "menu.foreground": "#51515A",
      "menu.selectionBackground": "#2F2F34",
      "menu.selectionBorder": "#1B1B1E30",
      "menu.selectionForeground": "#51515A",
      "menu.separatorBackground": "#51515A",
      "menubar.selectionBackground": "#2F2F34",
      "menubar.selectionBorder": "#373F5150",
      "menubar.selectionForeground": "#51515A",
      "minimap.background": "#1B1B1E",
      "minimapGutter.addedBackground": "#A9BCD0",
      "minimapGutter.deletedBackground": "#D8DBE2",
      "minimapGutter.modifiedBackground": "#7B7C80",
      "minimapSlider.activeBackground": "#7B7C80b0",
      "minimapSlider.background": "#7B7C8080",
      "minimapSlider.hoverBackground": "#7B7C80a0",
      "notificationLink.foreground": "#373F51",
      "notifications.background": "#1B1B1E",
      "notifications.foreground": "#51515A",
      "panel.background": "#1B1B1E",
      "panel.border": "#1B1B1E60",
      "panelTitle.activeBorder": "#373F51",
      "panelTitle.activeForeground": "#9191A1",
      "panelTitle.inactiveForeground": "#51515A",
      "peekView.border": "#1B1B1E30",
      "peekViewEditor.background": "#51515A05",
      "peekViewEditor.matchHighlightBackground": "#373F5150",
      "peekViewEditorGutter.background": "#51515A05",
      "peekViewResult.background": "#51515A05",
      "peekViewResult.matchHighlightBackground": "#373F5150",
      "peekViewResult.selectionBackground": "#373F5170",
      "peekViewTitle.background": "#51515A05",
      "peekViewTitleDescription.foreground": "#51515A60",
      "pickerGroup.foreground": "#373F51",
      "progressBar.background": "#373F51",
      "scrollbar.shadow": "#1B1B1E00",
      "scrollbarSlider.activeBackground": "#373F51cc",
      "scrollbarSlider.background": "#373F51bb",
      "scrollbarSlider.hoverBackground": "#373F51ee",
      "selection.background": "#373F51",
      "settings.checkboxBackground": "#1B1B1E",
      "settings.checkboxForeground": "#51515A",
      "settings.dropdownBackground": "#1B1B1E",
      "settings.dropdownForeground": "#51515A",
      "settings.headerForeground": "#373F51",
      "settings.modifiedItemIndicator": "#373F51",
      "settings.numberInputBackground": "#1B1B1E",
      "settings.numberInputForeground": "#51515A",
      "settings.textInputBackground": "#1B1B1E",
      "settings.textInputForeground": "#51515A",
      "sideBar.background": "#1B1B1E",
      "sideBar.border": "#373F5150",
      "sideBar.foreground": "#58A4B0",
      "sideBarSectionHeader.background": "#1B1B1E",
      "sideBarSectionHeader.border": "#1B1B1E60",
      "sideBarSectionHeader.foreground": "#58A4B0",
      "sideBarTitle.foreground": "#51515A",
      "statusBar.background": "#34343A",
      "statusBar.border": "#1B1B1E60",
      "statusBar.debuggingBackground": "#D8DBE2",
      "statusBar.debuggingForeground": "#9191A1",
      "statusBar.foreground": "#323237",
      "statusBar.noFolderBackground": "#1B1B1E",
      "statusBarItem.hoverBackground": "#373F5120",
      "statusBarItem.remoteBackground": "#373F51",
      "statusBarItem.remoteForeground": "#1B1B1E",
      "tab.activeBackground": "#373F5150",
      "tab.activeBorder": "#373F51",
      "tab.activeForeground": "#9191A1",
      "tab.activeModifiedBorder": "#373F51",
      "tab.border": "#1B1B1E",
      "tab.inactiveBackground": "#373F5120",
      "tab.inactiveForeground": "#51515Aaf",
      "tab.unfocusedActiveBorder": "#373F51",
      "tab.unfocusedActiveBackground": "#373F5140",
      "tab.unfocusedActiveForeground": "#51515A",
      "tab.unfocusedInactiveBackground": "#373F5110",
      "tab.unfocusedInactiveForeground": "#51515A7f",
      "terminal.ansiBlack": "#1B1B1E",
      "terminal.ansiBlue": "#58A4B0",
      "terminal.ansiBrightBlack": "#373F51",
      "terminal.ansiBrightBlue": "#58A4B0",
      "terminal.ansiBrightCyan": "#79E1F1",
      "terminal.ansiBrightGreen": "#7B7C80",
      "terminal.ansiBrightMagenta": "#D8DBE2",
      "terminal.ansiBrightRed": "#A9BCD0",
      "terminal.ansiBrightWhite": "#9191A1",
      "terminal.ansiBrightYellow": "#D8DBE2",
      "terminal.ansiCyan": "#79E1F1",
      "terminal.ansiGreen": "#7B7C80",
      "terminal.ansiMagenta": "#D8DBE2",
      "terminal.ansiRed": "#A9BCD0",
      "terminal.ansiWhite": "#9191A1",
      "terminal.ansiYellow": "#D8DBE2",
      "terminalCursor.background": "#1B1B1E",
      "terminalCursor.foreground": "#D8DBE2",
      "textLink.activeForeground": "#51515A",
      "textLink.foreground": "#373F51",
      "titleBar.activeBackground": "#1B1B1E",
      "titleBar.activeForeground": "#51515A",
      "titleBar.border": "#1B1B1E60",
      "titleBar.inactiveBackground": "#1B1B1E",
      "titleBar.inactiveForeground": "#373F51",
      "tree.indentGuidesStroke": "#44444B",
      "widget.shadow": "#1B1B1E30",
    },
    "tokenColors": [
      {
        "scope": [
          "variable",
          "string constant.other.placeholder",
          "invalid.deprecated",
          "keyword",
          "storage.type",
          "storage.modifier"
        ],
        "settings": {
          "foreground": "#D8DBE2"
        }
      },
      {
        "scope": [
          "variable",
          "string constant.other.placeholder",
          "entity.name.function",
          "punctuation.definition.interpolation.end.bracket.curly.scss",
          "punctuation.definition.interpolation.begin.bracket.curly.scss"
        ],
        "settings": {
          "fontStyle": "italic"
        }
      },
      {
        "scope": [
          "punctuation.definition.interpolation.end.bracket.curly.scss",
          "punctuation.definition.interpolation.begin.bracket.curly.scss"
        ],
        "settings": {
          "foreground": "#7B7C80"
        }
      },
      {
        "scope": [
          "constant.other.php"
        ],
        "settings": {
          "foreground": "#D8DBE2"
        }
      },
      {
        "scope": [
          "constant.other.color"
        ],
        "settings": {
          "foreground": "#9191A1"
        }
      },
      {
        "scope": [
          "invalid",
          "invalid.illegal"
        ],
        "settings": {
          "foreground": "#A9BCD0"
        }
      },
      {
        "scope": [
          "Keyword",
          "Storage"
        ],
        "settings": {
          "fontStyle": "italic"
        }
      },
      {
        "scope": [
          "keyword.control",
          "constant.other.color",
          "punctuation.definition.tag",
          "punctuation",
          "punctuation.separator.inheritance.php",
          "punctuation.definition.tag.html",
          "punctuation.section.embedded",
          "keyword.other.template",
          "keyword.other.substitution",
          "entity.name.tag.reference.scss"
        ],
        "settings": {
          "foreground": "#A7A8AF"
        }
      },
      {
        "scope": [
          "punctuation.definition.tag.begin.html",
          "punctuation.definition.tag.end.html",
          "entity.name.type.module.js"
        ],
        "settings": {
          "foreground": "#5B6986"
        }
      },
      {
        "scope": [
          "keyword.control.at-rule",
          "punctuation.terminator.rule.css",
          "keyword.control.operator",
          "punctuation.definition.entity.css",
          "keyword.operator.assignment.js",
          "punctuation.definition.binding-pattern.object.js"
        ],
        "settings": {
          "foreground": "#51515A"
        }
      },
      {
        "scope": [
          "punctuation.definition",
          "string.quoted.single.scss"
        ],
        "settings": {
          "foreground": "#A7A8AF"
        }
      },
      {
        "scope": [
          "keyword.control"
        ],
        "settings": {
          "fontStyle": "bold"
        }
      },
      {
        "scope": [
          "comment.line.scss",
          "comment.line.double-slash.js",
          "punctuation.definition.comment.scss",
          "punctuation.definition.comment.js",
          "punctuation.definition.comment.html",
          "comment.block.html"
        ],
        "settings": {
          "foreground": "#6D6F7C"
        }
      },
      {
        "scope": [
          "text.html.derivative"
        ],
        "settings": {
          "foreground": "#A7A8AF"
        }
      },
      {
        "scope": [
          "entity.name.tag",
          "meta.tag.sgml",
          "markup.deleted.git_gutter"
        ],
        "settings": {
          "foreground": "#51515A"
        }
      },
      {
        "scope": [
          "entity.name.tag.html"
        ],
        "settings": {
          "fontStyle": "bold"
        }
      },
      {
        "scope": [
          "variable.parameter.js",
          "variable.parameter.keyframe-list.css"
        ],
        "settings": {
          "foreground": "#D8DBE2"
        }
      },
      {
        "scope": [
          "variable.other.object.js",
          "storage.type.js",
          "string.other.link.title.markdown",
        ],
        "settings": {
          "foreground": "#acd8e6",
          "fontStyle": ""
        }
      },
      {
        "scope": [
          "variable.other.object.js",
          "variable.other.constant.js",
          "variable.other.readwrite.js",
          "variable.other.property.js"
        ],
        "settings": {
          "foreground": "#58A4B0",
          "fontStyle": "bold"
        }
      },
      {
        "scope": [
          "string",
          "punctuation.separator.comma.js",
          "string.quoted.single.js",
        ],
        "settings": {
          "foreground": "#206a8d",
          "fontStyle": "bold"
        }
      },
      {
        "scope": [
          "punctuation.definition.string.begin.js",
          "punctuation.definition.string.end.js",
        ],
        "settings": {
          "foreground": "#9a9d9e",
          "fontStyle": "bold"
        }
      },
      {
        "scope": [
          "string.quoted.double.html",
          "variable.other.object.property.js",
          "string.quoted.double.json",
          "markup.fenced_code.block.markdown",
          "markup.inline.raw.string.markdown",
          "variable.function",
          "keyword.other.special-method",
          "entity.name.function",
          "markup.bold",
          "markup.bold.markdown",
          "markup.italic.markdown",
          "meta.class-method.js entity.name.function.js",
          "variable.function.constructor",
          "entity.name.tag.other.html",
          "entity.name.tag.block.any.html",
          "source.sass keyword.control"
        ],
        "settings": {
          "foreground": "#b8c4ca"
        }
      },
      {
        "scope": [
          "punctuation.definition.string.begin.html",
          "punctuation.definition.string.end.html"
        ],
        "settings": {
          "foreground": "#79E1F1"
        }
      },
      {
        "scope": [
          "support.other.variable",
          "string.other.link",
          "markup.table"
        ],
        "settings": {
          "foreground": "#51515A"
        }
      },
      {
        "scope": [
          "constant.numeric",
          "constant.language",
          "constant.character",
          "constant.escape",
          "keyword.other.unit",
          "keyword.other",
          "punctuation.separator.key-value.html"
        ],
        "settings": {
          "foreground": "#D8DBE2"
        }
      },
      {
        "scope": [
          "variable.parameter.function.language.special",
          "variable.parameter"
        ],
        "settings": {
          "foreground": "#A9BCD0"
        }
      },
      {
        "scope": [
          "constant.other.symbol",
          "constant.other.key",
          "entity.other.inherited-class",
          "keyword.other.unit",
          "markup.heading",
          "markup.inserted.git_gutter",
          "meta.group.braces.curly",
          "constant.other.object.key.js",
          "string.unquoted.label.js"
        ],
        "settings": {
          "foreground": "#7B7C80",
          "fontStyle": ""
        }
      },
      {
        "scope": [
          "entity.name",
          "support.type",
          "support.class",
          "support.orther.namespace.use.php",
          "meta.use.php",
          "support.other.namespace.php",
          "markup.changed.git_gutter",
          "support.type.sys-types",
          "entity.other.attribute-name.html"
        ],
        "settings": {
          "foreground": "#D8DBE2"
        }
      },
      {
        "scope": [
          "support.type"
        ],
        "settings": {
          "foreground": "#B2CCD6"
        }
      },
      {
        "scope": [
          "source.css support.type.property-name",
          "source.sass support.type.property-name",
          "source.scss support.type.property-name",
          "source.less support.type.property-name",
          "source.stylus support.type.property-name",
          "source.postcss support.type.property-name"
        ],
        "settings": {
          "foreground": "#5B6986"
        }
      },
      {
        "scope": [
          "entity.name.module.js",
          "variable.import.parameter.js",
          "variable.other.class.js"
        ],
        "settings": {
          "foreground": "#A9BCD0"
        }
      },
      {
        "scope": [
          "entity.name.method.js",
          "tag.decorator.js entity.name.tag.js",
          "tag.decorator.js punctuation.definition.tag.js"
        ],
        "settings": {
          "foreground": "#58A4B0",
          "fontStyle": "italic"
        }
      },
      {
        "scope": [
          "entity.other.attribute-name",
          "support.function"
        ],
        "settings": {
          "foreground": "#D8DBE2"
        }
      },
      {
        "scope": [
          "entity.other.attribute-name.id",
          "entity.other.attribute-name.class",
          "entity.other.attribute-name.pseudo-class",
          "entity.name.tag.css",
          "keyword.control.conditional.js",
          "support.constant",
          "entity.other.attribute-name.html",
          "storage.type.function.js",
        ],
        "settings": {
          "foreground": "#51515A"
        }
      },
      {
        "scope": [
          "meta.object-literal.key"
        ],
        "settings": {
          "foreground": "#ac8989",
          "fontStyle": "bold"
        }
      },
      {
        "scope": [
          "source.scss keyword.control"
        ],
        "settings": {
          "foreground": "#D8DBE2"
        }
      },
      {
        "scope": [
          "markup.inserted"
        ],
        "settings": {
          "foreground": "#7B7C80"
        }
      },
      {
        "scope": [
          "markup.deleted"
        ],
        "settings": {
          "foreground": "#A9BCD0"
        }
      },
      {
        "scope": [
          "markup.changed"
        ],
        "settings": {
          "foreground": "#D8DBE2"
        }
      },
      {
        "scope": [
          "string.regexp"
        ],
        "settings": {
          "foreground": "#79E1F1"
        }
      },
      {
        "scope": [
          "constant.character.escape"
        ],
        "settings": {
          "foreground": "#79E1F1"
        }
      },
      {
        "scope": [
          "*url*",
          "*link*",
          "*uri*"
        ],
        "settings": {
          "fontStyle": "underline"
        }
      },
      {
        "scope": [
          "source.js constant.other.object.key.js string.unquoted.label.js"
        ],
        "settings": {
          "foreground": "#51515A",
          "fontStyle": "italic"
        }
      },
      {
        "scope": [
          "support.type.property-name.json"
        ],
        "settings": {
          "foreground": "#51515A"
        }
      },
      {
        "scope": [
          "text.html.markdown",
          "punctuation.definition.list_item.markdown"
        ],
        "settings": {
          "foreground": "#51515A"
        }
      },
      {
        "scope": [
          "text.html.markdown markup.inline.raw.markdown"
        ],
        "settings": {
          "foreground": "#D8DBE2"
        }
      },
      {
        "scope": [
          "text.html.markdown markup.inline.raw.markdown",
          "punctuation.definition.raw.markdown"
        ],
        "settings": {
          "foreground": "#373F5150"
        }
      },
      {
        "scope": [
          "text.html.markdown meta.dummy.line-break"
        ],
        "settings": {}
      },
      {
        "scope": [
          "markdown.heading",
          "markup.heading | markup.heading entity.name",
          "markup.heading.markdown punctuation.definition.heading.markdown",
          "entity.name.section.markdown"
        ],
        "settings": {
          "foreground": "#5B6986",
          "fontStyle": "bold"
        }
      },
      {
        "scope": [
          "markup.underline"
        ],
        "settings": {
          "foreground": "#58A4B0",
          "fontStyle": "underline"
        }
      },
      {
        "scope": [
          "markup.strike"
        ],
        "settings": {
          "fontStyle": ""
        }
      },
      {
        "scope": [
          "markup.quote punctuation.definition.blockquote.markdown"
        ],
        "settings": {
          "foreground": "#373F5150"
        }
      },
      {
        "scope": [
          "markup.quote"
        ],
        "settings": {
          "fontStyle": "italic"
        }
      },
      {
        "scope": [
          "string.other.link.description.title.markdown"
        ],
        "settings": {
          "foreground": "#D8DBE2"
        }
      },
      {
        "scope": [
          "constant.other.reference.link.markdown"
        ],
        "settings": {
          "foreground": "#D8DBE2"
        }
      },
      {
        "scope": [
          "markup.raw.block"
        ],
        "settings": {
          "foreground": "#D8DBE2"
        }
      },
      {
        "scope": [
          "punctuation.definition.raw.markdown",
          "punctuation.definition.markdown"
        ],
        "settings": {
          "foreground": "#79E1F1"
        }
      },
      {
        "scope": [
          "variable.language.fenced.markdown"
        ],
        "settings": {
          "foreground": "#373F51"
        }
      },
      {
        "scope": [
          "meta.separator"
        ],
        "settings": {
          "foreground": "#A7A8AF",
          "fontStyle": "bold"
        }
      },
      {
        "scope": "token.info-token",
        "settings": {
          "foreground": "#373F51"
        }
      },
      {
        "scope": "token.warn-token",
        "settings": {
          "foreground": "#D8DBE2"
        }
      },
      {
        "scope": "token.error-token",
        "settings": {
          "foreground": "#FF293B"
        }
      },
      {
        "scope": "token.debug-token",
        "settings": {
          "foreground": "#79E1F1"
        }
      }
    ]
}